962,XYLUTTLWHT,834764201
1771,FFOBCVTQRI,815586704
113,XNVJIUPALY,836235584
222,BSUXKBMFZV,856726761
86,XDJGKJELRL,861074225
595,FVOCIKQJTX,816711744
241,ZUBUACCLFK,848108900
215,DPYZKZCVBN,832880025
1535,BPUPSFANJA,831618129
891,XESFRFIEFA,815863696
765,VMDWSYXHGS,824340484
1430,GEACXRWEPI,872549184
1851,ZXXVAFZPEI,864948100
508,QTKHUDBLPR,817902801
141,FFACLVGRZK,838093584
1043,HZKRGHTSGB,841986289
98,YFYQGAJQKC,838265664
1918,LDCRDEUHCS,899148544
164,EELFJMTKUQ,811175649
850,VTTGECAJYL,868194564
1256,IVMEDBURFW,806280036
1153,JTYYNQGPYS,808755681
519,YWCVHKTDOX,876597504
1029,UAXPDPSMWI,821727296
871,IWUBGEIDPM,815374241
1260,JZUSPROLQK,860655625
784,YEKTUATPRW,815691536
1218,RHPTKWPIGF,885507009
1613,SAQNRYWNTT,810843849
1411,JGBPOOHRMT,862217024
286,UUQMVHXKMN,800005625
1271,WPTSBZAKOK,816716996
946,HBGKVYPXFS,815744100
830,OZQIWORVPW,809630116
431,IVQCWVZXTC,808669761
1371,QTCYRBZZCY,851365889
1805,QLAIEJNNTN,826817936
936,HQPYIOWMNL,835544100
1121,PZOTKDBIDW,820209216
1414,FZNZRGDKKO,870673025
1319,GGJZQXVDKG,843424576
438,HWUDBCIHPQ,814281984
1574,PMGYMWJLCO,864326761
1028,HLMSBZRQUA,874666881
1152,HVNSJBJULU,876903396
313,DFTGMOPSRG,802399401
1061,XWGCNOYZMM,830565156
1904,QHZYUZZVDS,817799961
324,QHSJLRGLMW,808701476
1529,UEVZNWRCNU,867123809
1449,QEDIUMVEFM,882787881
689,FURKXIYQUF,823143844
2,NLFDXFIRCV,813276816
629,LRBRUKKKIG,841357761
747,FCOZVQCIEW,835499716
923,VCPCJPMJHP,883125904
978,GOALGUQCNQ,845035716
452,UBDNTOAMZO,818427361
1947,LJSXTVXNZK,808191044
384,WQQTMIUUYV,816272900
1461,QKDPPXZZYO,822552401
618,HGLVWXKYVU,858656369
304,VVTRFFVPEK,815519504
1946,BNYBNWYDHI,804569744
794,IUZTEYCTMU,860559524
486,EPVVCVOIDW,898190084
734,ZAODGGXWWB,827266601
753,MKVMHNLCIV,840836644
1511,LMKNANRZPZ,810534884
1543,CGFVLXETWA,871631241
1108,ZWKBCLGBVO,861598276
1473,WUXDKKFSUV,852490025
682,ACPJZSNACL,804121616
1017,HCYFQZVADT,881450625
1355,QRFRGEMKOG,877684736
1184,VQXHGKASGY,805822369
735,JQUJRMCDPO,853816100
793,VYCICYZALW,827988484
1867,SIYAXYYJUE,879957776
1159,WYRIZUBLBB,839664804
1227,XVJVWWKASY,808571364
1418,ZDNTOSDJKI,892127321
1674,LGAZIABPMV,832114176
1055,PFYMRMQHUC,809102400
1996,WYXJKMDURD,897603600
1220,RRWDLCECZO,898702089
357,PRZAXQMOMS,848525156
71,EHBBCPXIFB,802163281
975,IEGQCJTSJH,871392676
1952,XFUAMLJMGX,821556624
878,TVKZDQOWGO,844796249
133,ULDRCHJCCD,865610084
778,QDLJHEHJOB,830110404
319,SSQXNJOMUY,880622441
1698,CIKDVVUOTX,885241009
1877,MZEWLZVVZI,846655625
1053,VRQUSQSYDY,892124004
1103,OLTVNBMVWT,835844169
746,OWAQEZDLMW,836663556
1526,DYUYZPYLVP,833814225
1002,BTUZDTWSYS,807502121
394,XLLUBRYYES,828614209
640,BFHKZBPKAP,883218961
534,SPIZHWZIZC,807300804
390,RJVBVCCEFK,800271441
763,MJTGLUDHRB,835163876
1360,FGVSMSKSCI,809979281
5,TKJPREPGGX,801481369
714,YPHMEQDSUY,834164025
429,IZVEAVGZJW,876108176
589,XEEKWNYSBI,807935504
1981,MVPHLZVRWF,827916100
1506,ISVMMHZTTL,859828025
1397,NBSDBZXDMB,810832361
8,FFMZNIMKKA,854405376
1149,KLZLIVFHVS,897753601
497,EMNNTPOUAH,816272900
1433,PMQFLAUCCE,840241809
953,FNUQNPMHDV,859038736
204,BVBHRMLOWP,844398225
1163,SJJSWFDYYN,899062209
184,GOBQPNCKWV,867008025
1853,WTFNVBCXFD,838353249
1046,SCHYTBCRKL,824226084
432,HYNMUXQKWW,866949136
1230,MRGUJZATFS,805498769
322,DRLTBSCIED,832015625
527,YEZKYHPFXW,852873616
651,UQLZSMXVFJ,841015625
449,TMHGLKOZFK,878155684
1310,BECATMJDVM,852522500
1421,QZLYEMSSSQ,808099716
552,TOSFYTLUCE,860410929
1888,ZIMGYSNBMG,896531776
96,ZSGOVSODKJ,806852996
627,UOKQDAUPTY,892512609
389,TPWJNGJNCP,840118441
1263,RDVSLYHRSE,846835521
484,PHURAAAIXZ,803286969
571,MOMIKPPZHD,800889249
1905,KGRZVJAMJP,829931841
817,RXOPENEUXF,846965129
167,YDSGVFPENE,831382404
367,DHLDTTXSKN,894459321
796,IEDBYWRGRT,845843225
569,ENQMWILXXZ,812067600
10,FXTLSGYPSF,801132996
1982,CNAJSWRQQJ,848683776
1244,LANROCCWZL,819099204
882,DPQUNVKWXR,866836836
724,IPECEHLBTM,896287369
77,RPIXIQFLDU,817149696
1713,VCALBCVASB,805513104
1866,ATFNPIXOJB,800005041
477,RNLDKLDKFZ,814011841
748,KEKFGRCYVZ,843472484
1596,WNVDIUPSFZ,826886400
584,ZFHXUNRKLI,806235009
1995,UWRFUAKCYW,845636624
1595,SFIDTKOXZE,804778596
1363,UYQPRLRNQW,874390625
1457,MTLPSHWWUY,802244004
1900,ZWDBQRNEHH,892373969
1432,USUWECJJLC,883229129
441,VQIDHTBCDE,891268900
1032,QBMMILPOXB,806140484
1210,EJECIZVVIZ,819704721
516,SUPMTRVIPF,811424529
1908,VWLMVPDMJW,803407225
283,NCWHRBLIRI,811408025
1646,QKXUVERKQA,852801089
1190,SJRQJGOAXI,804301476
1899,HXGTMSILKZ,801320201
482,OJDHISWKAX,806012304
168,WBORIFSUQH,873564804
487,TPBNMQUIOP,883635076
601,DUBPTSAVES,828370641
920,EHLGECTNAZ,867899521
1067,DSBVQQIJQL,830494016
414,AGXKSMFAUW,816728100
991,LIAUYICCQD,812821124
37,ZJENPEVQGX,809622404
1158,PVRJUFSIKD,826045529
1864,UKEJGJEFSC,888842564
548,BJYOVDLNBF,801600225
1160,WADBFZRWMO,857668225
1124,VQSPOOSLAQ,832325156
1910,WRTTSNMDZN,891082201
446,ZVBAFAZJOH,827751824
1758,ZZCZNKFWNW,806852996
1270,JBVNAXRHRV,816982416
1203,JHCGFASDVW,843640881
224,OZVAFMSNSN,849091856
268,TEYHTLQLBB,800002809
815,OVTTLNKZNQ,845738169
1075,ETQKITTRHY,831928196
1471,UNXNVPJANT,821528569
502,OFUIKWAFKC,809537156
208,SDQWSMTCJG,839537529
725,WNKDXYMECL,820166244
327,XIOHNJQRJS,837714009
1673,RXEKVOXIEY,846458601
696,SMXJRWPSUR,888952516
1658,OSBRBWDJDO,889048100
1570,MIWVPILVOV,814636644
974,ZMYQPTHDMZ,808142916
1118,RNEZUMCIRZ,861433361
53,JBXPHOOHPK,812845056
250,FGRATZBSGU,830327049
45,PSZRNAVYMM,800015129
1552,RKIBXGWLOH,811999889
897,JZBDWKBEVK,851637504
1087,VXKHCQPQIA,837411009
1202,ZMSHGHTLFS,823556201
433,TFISGGLGCO,855095441
1069,EONIYVQVUR,810397049
617,GLIXLAXXTO,844499769
1738,UGFHRJTDOP,825647329
364,CKMAALKICS,888830625
1222,RAAHOAWOMX,801088225
874,AIKNSUGJQC,806250000
1954,MKVGJTNEJK,897603600
350,XPHQLSRZIH,856164164
165,ZOMWNLMBUP,827597824
299,CZTWZZVEWX,838412816
1848,QJTHGEYYGO,832697600
1132,ZMSRZQPMAD,817969881
1896,EVMEFBABFL,820641316
281,EQVRBACUIG,861218576
106,SIGBHZJZUJ,806880129
312,QNIVFJZAUQ,808661249
259,BJLKYERTAH,890246849
876,LLKFVTEZAZ,849861249
1687,BHEETEUDDI,838623441
1537,FOYMGPGUOU,815915236
401,CKVRJBFRJP,898684356
834,YSDKHSOICM,870015625
1425,KUETXCKNHX,826946481
1532,ZASEHCZXMI,842674084
1862,QRNQYQISVC,848706441
572,FQSGBXIISY,829517489
1384,BDNMETGLMN,896933264
1331,ZLERQOOVEI,882817441
1192,QGQBTEQMPP,894534244
1306,LBRRBBLYGY,800362404
309,CUFDIAMHTK,832433025
1586,LFKXWYXUAL,837714724
332,XKEWPZHBJS,802697956
1352,OVKQSNHGCG,857142729
1305,HDYMIGGAVY,839950625
1372,JBUSMDDVCM,852102889
1448,QBYSRTFWPO,825920900
282,IPYHBBXIPB,812704521
1232,YIJFZSHTEP,862409536
1569,VBICIOEHEO,862102841
739,ZUHWQQSLDZ,810745284
269,VOQOZKYNAY,866732816
15,HWQNQRQPMX,864316304
1339,CWYVEFLCLG,861544025
740,SFOJSWRQCN,866011681
904,AMCGLTMJTM,819389441
770,HIYDLXDJOH,822024249
1444,QXAPLWUMKP,899400900
1748,OMZILXZZRK,828255625
514,RXJSTCWRSX,840292416
187,UDQBHMKNHF,827124889
290,KHDKCRFVBE,810112100
41,DUUNFSKSRS,885064361
1044,DHLSICUTFM,856896784
49,GRPUNKDMBP,892079601
92,UDMPHMECKO,846053569
361,ZGHUTIFKLG,805520896
914,NLBLSEENDU,864771649
1990,MRJUQEGWQJ,868440964
1972,PAFHZDVXVO,876108176
1944,RRHEHSRESF,801695204
1985,ACLXCXGTTQ,817527281
1527,NFEQMTLTFA,825266884
1217,VAPLUDLBEG,801907161
1803,SVLBRFQHDD,866152889
1799,WIDXTSEOLR,828190225
602,SIPPQMOTJH,807086244
1134,RWSDAGMVYQ,857668225
1781,CEGLIUUQVB,823323136
1528,GZIEHOWKJS,800006400
998,BMWEOILEJR,858660281
1783,KPVWNUHTRW,865508225
1525,GASMUOHHOH,800636804
604,EFULGEXKTR,811155600
205,BWYVWTGTOQ,866684201
1599,JGUXHZYPLW,816096144
40,IMWZOBIWYB,850673889
743,OHUVOGLDXH,838514436
1675,NEHJFKDGCL,869061025
1789,PJIYIYQCQM,899233225
75,EFWSJRXJHG,845365056
1503,LNNQXARGFX,892058249
532,FCPXSCJKCF,862460516
822,EHKTUSDGZX,867935681
1492,DKSCFYKPVY,894667921
1522,AJTNTRUJKU,838764304
931,ORAWURHJOP,850225569
1682,CGVUNQMRYD,801177225
1925,JPDNAXBPZU,852050169
1709,LPKKUCZVEJ,885981921
1451,QXKFXINHSO,869395044
1950,RTRCGDYLTQ,859718969
2000,OCQTKMIBHP,801412864
518,NHXBRHHFOB,876877824
445,VKOSAGGMPB,803429904
729,WCPAMEVWTY,862543524
678,TAGRNFFMNP,814668900
1991,PUTSJNBZMX,873712400
811,DVBXRNSAQW,827825625
633,IRQVWQQUYX,856603041
1852,WAZLNHJKKC,831514896
698,FZAXADTKLH,882736324
1328,FBKOOQPOWB,822991161
1540,XOORDUUJID,820314649
398,LTZYDYZVAH,831864809
1114,FLSPDLQKEW,844865296
921,QPSOUUBCPY,841546169
1301,VOWPGWMOOQ,809467729
1657,HTXRPRXZNX,805408100
1187,TEVFNORJBE,843640225
966,URNWRAMCAD,853178944
1497,QETPXOEBJN,840462321
59,KJILEFRAAM,801034289
1193,IIDGZFVGQV,839775489
964,IQMAJAGFHZ,887217329
1779,DVYCRPZMAP,805016804
1920,BQWVWENKRX,817196100
856,XQLXVKHDJY,803005504
1332,TUAKBMUZAQ,886896241
1757,QXLWOIKCZG,892071881
247,UILGMFCSWT,806250816
681,KYLZCRUPMI,860278361
1932,DEXURDAWQO,877925369
402,GDJDRWDNPO,849116900
1096,RCEMOAXVUF,868238884
1470,TZYWLWBZPG,833558849
149,UTDCCKXAAY,855738009
591,ZPSCRHJOTY,808072704
316,XBQMURWMXC,820819025
1815,UPQUBLBCSN,807322436
1763,CCJYMXOFNX,824137569
1435,HIWOSEWPTC,850038001
635,FSVVNTGUXE,834952100
1249,LQWJIAMFKO,814055001
66,XOTHOWKBJZ,844943616
1265,EEARMHLFFB,818533025
542,MJCAFCUYVD,812894276
391,EMGSDYMZMM,891998016
1744,KEEWFWGLDP,889010001
955,WCXWCUJWHE,804106225
277,DOYJWPYATM,833744481
1226,TKVBHGFSEI,868856804
1314,YZUROCACWE,855905529
210,YAAYKQRXYC,815342889
39,JLLCHHBFQM,896597284
121,MYJFJNHHSS,839824784
869,WBJIOUYMHL,856480225
172,IUSSQFQWEH,862792081
1126,IYPZVVZTDU,835837449
1549,NVFHBXYETA,800801600
1347,NTJAPPSXGT,804648336
1402,QAFIPCFHVT,893813881
419,KDWICKDILS,851900081
1373,OEKRLZVNGD,805061809
1468,ZLRVOQLDTD,892006464
234,TTNHODTONP,803689984
1858,UREDXUZRNS,881165824
1459,UOXVYPPKQA,835552164
387,IEBDUTOEUN,878626089
1490,BCXQNSBUJW,830731025
1500,CQZZFFSKDO,818897216
1869,GWFASXWKQN,876024996
608,RCHJWZWMOZ,844701696
1091,ZOIPZWDMKR,872214241
1886,TLLKORCOPY,824378944
395,QLZMREWQNK,859415876
1836,PXWWLDUVYT,815833856
189,SJFAEEDFUU,876020961
1050,XANSPRGGWD,835788100
1860,YXPBRWTVPM,870895225
1107,UIPXARRBPH,805909761
1380,SGYLGJNDLB,836401529
668,ZUVJOXYIPM,844755600
1571,SLWOPGBVTV,897711721
745,TEXYRWIZZO,879973184
788,FIUBZYBLWM,858262689
1106,GRJXJMDWBQ,881496100
107,MMYSPNARAE,897535376
1139,WLYZGKXYSP,813021584
1984,XLYBXBRWWG,840648900
636,IDRNWWTQKD,828558336
653,XCDJWIKFAT,846629924
754,HWZTZRBXJC,803490225
1562,RVYYKUJNUG,891214225
873,LGLTLVEINN,828304356
588,ZGTZIUFUZI,834035844
901,AQWOTZQBLH,803622400
505,THHHUGJZMF,881494784
1546,HVLZMIOVRI,875032900
646,HVHFQTDVTN,859251969
713,EQIMLHCZTC,808555561
1307,HEFIHVFEWL,879610000
1285,VMNVQJBZKQ,855984561
954,ZEBNLIGKJF,853574400
1200,GBBGPDOXJU,862238756
1392,XYUVGMGCBU,815155449
695,ZTEUOXGTHF,850814801
1025,FNYSZKLRNZ,826410969
166,KTLPTNDMPD,840991876
58,OJBRZMWZPO,867851684
1643,JAGGZYRFXD,846327761
976,KMVWZEDALK,891915881
708,HEZOHMIURC,800477481
1964,LCXHVDTTKT,895272676
766,ZHYJGDFGNW,837868929
1865,ZVNUIEXPII,860924004
1234,TICQJESFYH,853265625
1499,XLUOPBZETS,820884900
1488,UMMWRHYLYJ,881683441
1094,NOQLUIBJGN,882241600
983,XDERKLGBXG,889340304
1856,GPKMTDLVXR,800022801
1807,FXKGJTOEPF,856030016
732,LRJPRSEQWR,857778721
1429,OGPFOCENYW,826416489
530,FDJPYEEVDG,850277764
1038,TMDEFRMTWK,880633600
1010,CUEJVMWGSF,813860729
985,OLBALEZROK,866684201
16,JJLOOVAOWU,877008441
1880,VKAHCIXUJS,884842521
284,XOQPTQQWEA,803005504
1185,KPCZGBHHEV,897891236
1983,IBDLTQVSOI,879774921
60,IGPNPUUHGX,806702921
1268,NFBQZRONMF,817050761
228,TPIXXXLZQY,849166596
1628,BBSMTHYHLO,831130809
1157,NSIIMBMTJS,804084441
1580,IUUEWRGOBY,830662769
1701,PJTLVFMUXJ,822724289
1068,JYCJPKPXFL,800880484
613,ILNHIIULLT,878734400
50,WEQTGJOPAR,846910736
22,TLYHNKOAUG,884624041
1504,UQJOYRVEUQ,813962961
599,KCMDUCLAAI,887593284
1923,FBWMNGMKGA,832114889
1293,HQZJQRFBFD,849855601
816,QIAUAPWKCZ,816008001
112,SQMETOGEPS,852649209
100,ZWMYUBZAZC,838449609
1390,ATHUAORSGA,851337225
1036,ERQQLYYFES,823522500
1026,KUXYJPWWMI,853605625
1312,WWVMLQTZZR,866479649
801,PHZLCEPAYT,874149321
781,FJQOVERSCJ,881848209
971,SSWAFKENWE,867773584
255,SLRKVWPNVG,819944769
1358,MTTYQQQAYG,835732329
400,QSUOWKVFCC,867340096
731,NPHDBYTWOD,827466724
670,XTEYYQDHXW,872633321
206,MICXAPZARK,883932361
373,TPUTIEBPBB,816974400
349,WIGROVJCDZ,845705625
29,FWLQIJTVDW,878455969
93,RWOSPOFGHF,820481604
399,KIXJWZZTDJ,847114161
1172,MKSIGNQHQG,837428729
1366,VOFGLFMJXB,824524836
1647,NYVZZFVZYF,828103844
1703,NYSEDYHHHR,820822500
1635,BPDIQHOHVE,858197025
104,OAMVAFYRAR,805165961
711,OXPRURTYMK,883753984
83,IDUKUHJZEF,861304064
1847,NPQBGLCSGD,814920644
804,YAHORKTKMG,832398864
513,RIYKLDKDFR,813653025
330,JDPMOXBYUY,805397264
1578,ENBVDAYHDB,880048809
175,TBIOLYDNIL,891754276
1780,VXEWBCIPAN,859907600
1237,BNOFAJLJBR,869450496
1507,FUROUJREGC,849197796
939,SZRRRUGIMN,819386409
1937,KHKTTAXNTZ,801968409
186,KJISUXHATM,862091236
1716,DOATZYJZJE,860164484
1548,RLKQQBASQG,828126361
30,XHRCBLDVGY,859371025
981,NDBYPQQIDC,853773761
27,KDCPWSRTES,817380561
274,KGOTZJMNZQ,819612025
1154,ALZDFEDGAU,819229689
57,ZUZOSRKRUS,852206161
1162,OXRDILPOMO,811946244
460,YHZQJZDHTB,886471401
1822,QHYYZROMPY,805185536
757,OZSQORQMQL,813210436
933,KOZUYWMOBC,818429849
959,RCGGOEWVRX,872219849
1280,PJMRCIXNSD,851937600
501,KHQSQCHLHT,838950081
52,BBHAWDYDCP,877969681
1060,UHEVOIXRWL,854491024
1994,DJSMWTBVYA,873152081
244,PSWCGMMVED,856933376
867,PLHQAKBMMV,838074384
1248,BLTINMZBKJ,815261696
1808,VTBMXOLAPG,827478564
1660,NTDZQFPVIY,889115001
960,WYSZBLQGPW,832228329
845,TQJFNECOLO,823916816
124,XGCJWLGRSM,874132100
1767,GZJZMLONUP,875695025
1342,WPOPABJPLI,864537600
372,ZPPKWLBMJA,898370409
380,AUROQRDQWC,856948161
1273,JJOQRBMAQV,867208225
192,DUKXFFJPSS,868250244
659,OCMERJMZIU,898149289
1023,OLBMCGBRRV,808690704
1297,GABDVXILMG,841908644
356,LSYOYHGMGO,826388769
1796,HWIJSHDRWR,888256516
620,LTMGTUJDCU,869824164
1144,DSLMCRFIPQ,889102500
102,UYPURFMBIS,835737316
1804,YMUYUEOWDP,812723856
359,XTHTOPOTMI,892565025
1109,YUZUTZYPIR,816757284
738,PMMGVXJCNJ,819820304
1819,DTISBCTKGN,817961321
1825,PYZNLOSLRQ,898267569
369,CFQMWHBVSS,889392644
1592,JNNNXWNUUK,820906724
1357,APQVDBURJA,815062161
292,JABTQWWTBK,834194961
1736,REVHHWNXSW,893436224
1140,KDARMEQDKX,807219969
1276,DAOXFQKAYC,811128889
176,ADOJSKKVFX,810540900
718,WGOOOUPNED,821511044
854,NDPBBZDRWL,834212225
9,VWSRENZKYC,825739041
780,ZSCSFACXFZ,800998689
1516,WJENZSBDOY,878758809
323,IWLAQIGESJ,810127396
902,RFZFGYKZMU,844008976
568,JJBHIQNVOC,843736121
404,PPAZHLTJQV,808072704
1676,YYVMTAHGOL,808901904
979,ROKQMJSZJW,891169284
1104,JSVHBXSEWQ,894955044
1277,OESDTDLZTH,832778724
1846,LGRSKBADNN,866569969
769,HWDVAEQJKZ,884787456
153,KQCHBDDZWR,896096721
1584,BKEGXHALLB,802925561
1308,CDPQROMVUT,854881225
1440,JODXVIPPWE,801948816
1214,AJDJNTSGIE,855711296
89,ELJYTIHRCQ,813949284
125,AEARWTVJSJ,885692049
509,LSRWXOCCSL,843191184
1955,OPOCVGUFIL,818693444
720,SQRFPDRSYK,860938001
1583,EZNUQRQCIB,830948809
1663,XETIUKPSZR,828735376
1719,IORTTFSKWI,807719609
1800,GDOWMRYRTQ,806151809
251,ZIFNHYXWJS,820671025
1577,XTATCJFPNG,858187876
752,CWLFKFFRLZ,814402025
181,LFZDZDBTUB,880261081
721,BUTSNUWJPP,800003364
1828,DYLCBKWHPL,817522500
506,UINIPBNCIZ,887845156
775,GEURBRNBER,844913444
859,IFXICKOBIX,870107129
1604,JEQXFWHILZ,865278849
510,TWQZSQTIJV,842723904
688,JCJYUGTEDO,803999204
567,YDAXYJNECX,866100544
1052,FFCEGTPCYB,887968100
444,SSLHLRXLYD,800023409
17,WHMSNCBXCO,847610000
1573,NGISTGJOJU,820948929
1903,VJSEYIKIKZ,856771216
1561,JHRGPFDGQB,800051984
800,RLKJAPYMUZ,889075625
820,YFRQMFOZIS,859936784
246,SCILIQECIH,852403121
908,MHLWDXLOZM,887799616
638,DPOHCGUBKU,817373409
1741,APHNRVNTGN,829149201
1095,QLFEWIOAMG,852176896
1252,LHWABBSWJD,816646400
1177,HLPXNPOYMJ,809495184
1477,WTSWNNBNTR,867272201
997,HSPJDGVLZM,850140561
1212,VEKKFKZNCN,883060900
1323,DFEVWRHJMR,835164900
1712,HSWFPNVTFZ,891068849
1875,WBTUATJNDY,858521600
1141,FLKJWNWWFZ,804919524
1082,HPAOJOIQPQ,824591681
1730,QAFTUNHJFK,885520449
355,MTBIYLBHCW,870240721
1960,NZTRQPSOEX,850462276
1456,HMCZBADVOP,882437136
103,EKYRGZVXDH,843828225
647,EWFQUUHTAI,820115225
600,ISSISIYPPN,817517001
1326,VANDSEWRNF,801127844
529,VIXVFHQFAW,856147600
1700,OQDAGJCSEX,863607696
294,NXSXRZLETB,863109156
1567,RSZRCYAWWS,803591025
1669,JTWNRPSFNW,851445476
1074,JQCFQPTBZG,885729600
1272,PATUTBDJEV,875740025
1554,YTKLPHNPHB,838707216
719,SDGPMHHDAQ,843391201
425,OMVNTMDHZX,800436921
554,LONVKXZECX,894323600
1974,VZCGKMIJOO,800001089
203,CVZQLYQNWC,816337764
1420,BZIMRYRKEC,852455441
1625,KJAVFEPISI,818330176
275,MRPNDEVNMT,818372649
1128,GPSGLHABNQ,820948929
1246,KILPEEMNQY,809841284
910,YKVIXDAQVS,816251524
272,OEWQVQRTCD,894662081
940,BJALQLRCEZ,852744881
1637,EZSBCVLGNE,863478225
492,AVDQAMNFHW,800006889
72,VFBCGKCFQC,836308544
652,VQUITIVYHZ,838564849
1732,LWHGTUJRCF,823365449
1764,PVQGYUAHUB,829457921
126,AOIOJLWHYP,877719225
912,AFBCFNHWRH,874119329
1594,MNZDHEYSPK,844362089
1884,NYDMDNPLFH,882208641
995,IGPQMWFONT,818200384
989,XLEVGXNYDQ,806440489
556,MJYECSLDJE,803572100
1735,YJMNIEXRWV,852853601
1469,JTHYUISKVC,827587136
280,DKJIGAVYXJ,814124689
317,BHUMRGJQMV,814651801
3,CXGGBWKFNQ,818182441
593,UBPYLONMWA,876066361
476,VSLONOASRU,813598225
592,ZCWMBAAOLS,800110889
1680,FGOPGMINKI,864046400
945,YXJSXPFDLZ,813660416
435,KBOKMWGSDD,884140561
108,KEGJCCVHHR,811643521
1550,RLHHFHETDL,821992025
196,AHYGGYLJDD,821835689
774,FHJLRWYAXA,870459236
416,WMHLVBYPEC,860221561
1135,TQWFYIAIST,830426961
1228,WIAMMKEMPN,863510289
641,SZYSPDAAOX,868832025
385,AIHFSHCCXH,814940804
1813,OOVIMIHZJM,850427241
1809,WRSNPIHLKG,809380900
1989,GYEFJKNQFY,899790736
468,XRYDWSOVHZ,814554225
560,RJFNYGHHHP,804515625
318,KYRTNSJVWZ,885137529
768,NCYLCQMSSY,823301156
1020,GXDORKVMVQ,856454400
1169,TZCDVSFDVH,800344569
1667,WOPFREVCFW,885940496
1694,IOVCWTMVGT,893384324
1710,GEMBMIAQEI,811029041
1351,DAOBDCDSZG,899840016
736,JRYLEDHUFH,847307076
624,MVKLSQFUBV,841153041
1556,PRXNTMLQYL,885156100
1472,JAWJBXPUHB,899480676
663,KNNRMQMJCC,829408929
207,NXTUUFARZR,810888484
13,POEYLFPBNP,870229009
590,RFXDIOGCSE,802992900
553,TOILFULDVR,853252025
1841,STHPRCXKXY,818477961
1911,HWGPRGOZKQ,835402500
406,ZFROTQPOXM,879853476
911,DWWOEDKLQE,805659641
1768,FOVCURTSFF,822412096
1761,MQLLMEIZQF,899522500
1396,QIMILVPWTY,839238609
1365,FQCBYLQKBY,802446881
1415,EEJQDFPGFW,825278761
415,NSJLSOJTRX,844049769
1585,EEMPAWCXUQ,806390784
488,WPUWCZDAPD,800067081
587,UMILOCLTGC,897377424
1916,OLLCGNWMOY,805136384
236,PKXEATOWZA,850475841
693,VHWYCFZNMA,816972900
1602,RCGSQHVDEH,805333849
1547,KBHBYBVEBY,810758400
844,JCJOJONHGU,839162564
1398,VBDQXQKRFQ,855206409
1873,FTODJAQBRF,839037504
1778,BPKRBZCTXL,872020900
660,TSQQOZVEJN,852300281
1062,OVRTEPQTIB,824370441
671,HIUDGHYXYO,817507489
1443,BPMIVEZZHK,858599025
209,ECQUDOSRTJ,808311689
1557,MNJGCRBIOY,853479969
1059,PRKCYFDXKM,886083201
1057,YSLVLITWUB,840464889
626,XXOOLNVLAY,830736100
439,AQZXUGKVAK,867420521
479,CLKKULNCAQ,864205009
138,WQXKZMAUSJ,861717056
733,WSVYNCGFRA,808934121
903,WWPDYJVCTV,812909049
1385,LUVNXDBLZD,844782864
634,IXQIREUQAM,837711881
515,YWFNHCBKPM,867141636
474,ICGGUZXHRD,800072361
1115,QJFTFWAHGQ,808111104
132,TPJHAEFQZA,850715556
1692,LRPSOMAFCJ,856676900
1820,HCZYHRCXOU,896538624
1832,PAOFDMTXHV,819976809
221,STTYZUVLDV,813616100
240,PJJNEHRYKX,887626081
703,DHLTRSTHID,832598401
347,KBSEPJEISZ,860804900
465,MUNMAXIOMK,870142096
145,EDRWUDXZRF,858206084
760,FUVKOUKDWJ,873506704
1597,IXEVKJGVRB,833802596
1294,DXGMFKWMLP,858997761
191,EPVLHVHRWT,802873025
798,CILQJOEVAJ,880227849
1566,HZZAXWUYAQ,825437241
918,OENVPKVYGU,847244481
152,MKXGBFCPYP,822542400
947,QHIBNGJTGR,856000000
655,LYOEBCGNSQ,853896225
1951,SSXXASFPRO,881703521
128,YGTYDHACWY,829254161
1978,ALOPTOOKEN,811557025
1802,WOLXCVMJJC,857409936
1130,THYUMQUOWL,899761161
1090,SPBMYKOYLP,818477961
986,KJNWRWEBGE,893506225
162,GRIWNIQXDF,810118761
1378,THWMGWMVGP,831997121
1034,QKBNJHXDKU,886677569
1630,SZLXKYFRLL,846949904
56,PXIOGVLIEX,815335401
550,NQMGZAGBKW,899824400
658,EGEQPVLHXE,814388164
1521,AOEEBCVYAT,804890000
1292,JMJYFVTBMV,800606244
456,SWBDHOYNCS,899161764
1969,RLUBZMKLLD,836099689
1579,ECJJITPILY,887890625
806,CSXQLGYGLM,863582689
99,LZNAYXQKQO,852969284
1857,LJSUPQIUEF,825715041
123,BPRHTNEGYI,862821476
1618,JMHUYSHKRC,842889401
1325,BOTWUXHBXV,851380224
1785,KAPACKJHCI,846117681
333,THSYOEFJGW,837829376
605,HDDAPSWPTF,893954249
1733,OVYFFKMZCD,850945796
1024,UPTANLZOSC,813105625
1136,HBZVROOVJF,813913361
972,OCIMLMSLEB,877774761
1826,MMJVRWJSLM,837456900
305,QMCUPRYJAU,857955721
885,BJTMQMDLTC,854414116
723,ECQQNLEMKI,833154564
570,QFOTPIKPQU,818131609
1,PHQGHUMEAY,832547025
1588,YSXGBNMNGY,893945641
598,YFAXEGSEIJ,890706576
924,ACSIASPTSK,828987044
1980,MFSLYOQYRL,887553025
1661,XGNCVODQMX,850625625
1927,MCNVASAJVP,827541504
1924,EKPVVWGACZ,800005329
239,VORPJFZSLZ,865157184
683,NUQNBDIFZL,897549056
654,ANCHXSSJLU,803700329
1404,IJGDKPQSKW,854081316
1463,PXNUHKCZYF,892127321
809,XUMKRNJCOK,887782041
1765,RCSCBWIEUI,827644804
551,KKOUXDCYNK,800987801
1013,QKXRWDVRKC,859785024
526,HUDIDGVHTJ,810106041
1466,WMUQDSWILN,806616801
1812,JJPXKIHLOJ,848566756
1143,NHBSKILHSD,846332100
307,XSXCLPRGDL,852613136
1041,RCBDZDFBEO,894400656
111,IEOWQRWWWP,840095025
1688,XYTMZDYKLJ,803305124
1168,FQYWOHWHRG,801641681
454,CDBBGCKJQT,899760144
470,EXRNNXSKYW,801505625
1830,KQHHARJOWR,828644641
1481,QRZMNUVESX,837548521
1563,AFDUTWPLPE,800499849
1619,JABNLKDIKA,897065444
1973,EVUCBWLNZT,884419344
1640,QXCACIICDP,833488889
1631,MGVPSNEVMI,800873929
243,AJVPRECWGX,800385641
899,THGGTDRDOL,832787076
672,BSCEFTDRQE,800224929
411,RSQGSCZVHH,833547264
1731,BKXNJJTNPD,890246569
48,ZUXMHECTHL,801440000
130,LTJHGAUHNI,819848689
1374,SFTCZZZLHO,809467929
1341,HCJEKKNLSC,811028961
824,VJTFRAMUQG,868350625
1938,ITQRDXRJYH,873301041
1313,UOIWQQYPFI,867207204
289,JRRWBWHMQH,824389409
1668,ZZWNCZFKEY,890428176
238,FISFRFQGVP,849815364
562,MNHPQYICTM,839381796
1576,JNCHOGOARH,896252081
536,FVTQVZQATX,895311201
1099,RRUGOFLUIO,821977344
1615,HCYHDZJJDY,880371225
1086,JASIXVWOQY,831648401
862,UPAYBNQGUD,800390625
837,WBSUVSENEI,809193024
700,ECXKQKRUDL,845125604
1728,NGOZVJLDKJ,896141056
750,XKPICLQLJT,890744676
543,UETERQPJJW,813249600
913,KJCSXOHDVR,864561225
463,WWVUABUQCI,865999376
1976,RVOFNXJBOO,819847025
1395,URSBVOBDGI,857093136
366,WZADJXWXQM,807595721
840,KQJDFGNRDO,880196624
728,JVWLLFPNJZ,856821444
1715,FPHQOCGIJF,828298161
156,CLMZNMJUGW,804866436
405,CLPEZTSJPY,825216361
33,MGNKEUFDXO,824835929
65,NOCKVFAJFR,832558436
597,HXTGYBVMAJ,819302400
609,CRZNJKFRVK,850486025
1541,YMEDEWDMMA,881051025
458,WXWDRNLFFB,862698689
1539,TCOUHPTXJQ,863110400
396,ITXGIIGQUS,811142244
1722,ONDSADNFTN,800134689
610,MRDWROAOCQ,823126689
539,GHLVLZGPPX,884865924
564,KJACQAUZYO,808076816
1426,FZQSXPPPSE,814172176
1383,FRRJDEXWKK,840991876
1544,IDIBGVHRGU,875806969
1491,ERQNVIZAKO,806095961
1409,HWPPVNWNWW,884968161
1933,NOISGXGFJI,842571801
1376,ANFDJJBAZS,828117481
287,MSYAMPTLZA,887893025
1065,LOYEMCYCFC,800363561
1284,HVZXWAIPJW,868486416
675,KGDVHCFMCE,880660481
1890,DJJOVCNHLV,808856576
958,VQTHEJJRBZ,865998569
1076,BKEWFEKRCI,846587201
1581,JKLULFFPDC,861847396
105,SVKHTQDIHE,853586449
1957,PANHLMLKWH,881870884
342,WFKHROUOYS,826390009
1917,DHOVGNOBRG,840819321
25,PSAJLFVGUB,825755625
1777,PSHTHMLUWM,807772816
1311,JKPVUNLGCB,833180969
1151,EIZTJPZHZT,815915076
1999,MBWOXQNTZQ,809486400
1840,EKVFLCCZWA,803301489
1834,QNTBOKVDUC,865898025
1290,FHDNQUBWBW,800022201
676,TGJCMHXLHA,804083844
383,GRGDFNYYTK,823600164
179,ROPBYJZWYY,854346384
424,WQZAPKKCAF,891521956
1015,MHRPYQUIMW,802569609
1195,CWVNTDNAQY,883337241
491,IQSWRICMZS,838522361
499,RIABWUCRJM,870899121
120,JAFBTLKMFQ,892366201
1664,WAJGHZOGRN,874794841
786,HUWYMTXDRN,820322064
988,BXXZKGHSKG,820607744
1489,BUWXYWXYQS,839128961
1476,UROWZSYSGC,824790049
1302,LNTGRRTZHZ,876965529
726,SHVKMYWJXE,837234404
666,MYMHYSOICW,814062400
632,CKLDQGIVLQ,831009601
308,XFAIGAYRUE,814918400
1508,YRAGQQBRSD,889430756
1791,URKOOEKIBW,820403716
85,IKFOBUCDHT,802295225
311,QMEYROVFIC,801080729
531,ATFIEKIXEY,846125561
545,NWKXGKFYLN,886690304
737,KHZKTNKYTG,860171049
448,SREHNRLYJI,816128400
1876,ZIGDLJPJKO,801040676
331,PQJKZTVJGK,858369600
1894,YRFABYFNFN,838196900
1632,MRPBHEPWGD,813006864
1309,XUJQYYOKCJ,898763844
73,COTZGKUBMJ,825261225
161,CHYNVZHCPQ,860341824
421,BLHWBAFBGA,850486025
1486,YKYISJHHVS,868773849
218,RCXAETAUQG,867314225
225,IVMVUBCWTF,802572816
1317,NHZQNXNTTI,829846025
1677,MIRQJJZJHZ,820266816
1035,EBQGRIZKEK,858496356
751,VNBIMPDKYE,831843449
213,PEMVBQLZSV,830999369
814,KSUVZWZTJR,860088576
942,MNJVLRJXRX,894328336
656,ZXXWGLIUEJ,880328100
1833,BVXNNGDHKK,809363600
202,JOPMMLEBKS,842362624
877,CSCTLEGENL,842683025
1045,JOUTFVEXDC,852606009
1752,RLVHQHRMBF,888454025
97,HCWMBMXRMH,879414724
1447,OFQFQTSSFW,880016036
1452,IKQWHZBUKA,822336676
1445,YCKNBUZGGF,827402304
707,EIVDYHPHLJ,826133449
1484,CQWXLLNNBF,802082249
521,MLDLFIBDVE,832855824
1788,IWLIJVYSYI,804061225
1746,SEVRUABLOG,826151844
1801,FONLKZHFLA,876500001
1327,NSZWGDUGNU,869416256
496,QWAPBHLPUD,868161536
258,UDSJVEZKME,866342400
295,EXKRQOIERN,838291344
1018,FYEMFQVYNB,855776049
1279,CXGDCGTFOX,878088976
34,OGBGXPEYAN,826381201
1047,WCXKGOQVUF,812252416
1855,QHXOQJPABY,898246400
1453,PZUJROOLAU,887815641
642,AOJOTJUFST,841084004
1417,YDFDCVOFMA,897421849
1505,NAMEEXBAEB,818775296
706,IYTYMRJSCY,810791824
1654,RUZVLLHYNR,809012004
257,LKTBQDXGYY,809947716
1120,CQKCJBCHVR,822562500
1454,KABPORPSDT,886336836
776,ZSXTKAQUEH,858583649
968,GZVSRMCIFB,830891225
151,GVVPJGOJOG,891559881
270,RBAQMYJHZX,890678161
227,WEJAZHKWCM,815384976
321,YXCSZPOKLW,803066001
1795,WIAZCBEHQY,876916601
428,QQIANNYHQO,827000896
952,MODLQJQGWJ,884015556
190,KOLXJOQKDV,849229369
758,SIXRNERZOO,850926724
336,VCAXXSUFAH,816429584
1678,KPPSYURTDI,800284089
1209,IJCAPBYQUX,803583449
1790,CYCYKWJROH,864225025
1251,YCHYIVIFYA,800000529
742,XDONPEASHN,827866441
249,SWJEBKRJLP,835212356
792,UVEERENLAI,808464689
1814,XOZUXLYBGX,802190400
182,UOFFVNCRSW,860123716
919,PABOUJVIRE,860209161
883,KXTLXYPPFM,894337856
664,AOWAZFEURG,807907561
47,VNPPPSUACB,824403600
375,GJPRWVHSHZ,885456676
90,YBNEFXNXVG,833680625
1483,OPWRKVESZE,810427024
795,FEFYGAIAIO,818287376
388,HDAXPHBSYW,872410225
630,MXQRBAZLPD,825220484
1948,PQKTYTMMCP,817230801
690,TIAJMWHYIL,862129289
1003,RVRWGIXZHX,833570436
1391,JKLMFBIZMV,850765625
744,PRNGSOQDJF,855360400
963,ASNQEOYJBX,851834624
1939,WIXBIHLFYM,800291600
1318,VNIOGBJMVI,898584241
1845,CFPRVCCZIH,806682225
889,IUGKDQTESO,821444161
1213,YVOGUWPIIK,819661721
893,ECVPSDWELP,877508841
990,TYJSLLQKEH,891412721
20,NKKUFNUXXZ,805721649
1598,VJQZYHYGUH,809989081
863,EWKGWGTOCB,887747225
1718,TFHKKNQEZF,893268561
229,XTWWTAIDYA,853883225
462,TPIRNAWONY,833245025
559,BOVJKDQRKD,818417924
1784,ESQRTWLSIF,865070961
1337,OCIGRAJYFA,867453316
335,BSQRHCRTXM,807267449
1651,UJFVZMJRCU,800179776
606,OVUJIUWBMI,802839881
1133,CVHINJJDFY,815040000
306,EUVCZVICTH,804076361
231,XYFVSDDYGT,807491169
1705,GWNILYGIYJ,804607209
1739,ZDZCEEKSII,860224964
1755,HPRUWYEOPY,818756721
363,PUIVAHQATM,836602500
1274,QKQWHAPAHW,891634496
1913,MBYGSAGXEY,831725284
69,RXBGFCBCEY,892179201
1536,RJPSHXUPMT,861662976
340,QMLUNWSCPI,834727449
1696,UQGGFLONBT,828196100
1863,POHQODESTJ,851363809
586,XZGFLTLSXB,841167169
579,IFVKMWWPGP,802461681
1333,IOUHHDENOW,881199361
1906,HZXBUXXWLU,805980036
1122,YGOWWQHNZF,858526225
1707,APQVSCUIKT,872729764
329,ESVHTIZIOJ,835653201
1617,RYMVTNGUIW,801347921
117,JQWIQPUOQH,818696976
1215,RPWINBUMVK,818186401
114,NMKMNUVKLH,898756356
915,KXAORTEJLR,801313316
301,KCZLHWUSKD,821538881
1353,AIOSRKHERC,819069601
791,BSUPCPXCJW,894975876
1113,RAAUACXKPM,814938225
575,YNDGCNFJIT,877492809
1626,FKKNAKNHUI,861695329
928,UOEEYKIQZA,810949481
360,NQWTOETONX,872975104
1289,GVULRWLZWH,831565924
860,BDUZVNGQIA,895564864
1987,NMHCCFHSTX,807102225
6,PNRVYSTMWC,806371236
826,FGLOWFFCTU,868304089
237,SDNVQHKFCM,840328704
1467,NIRUDOGVSA,897318225
1839,XSFSFECFJG,827373796
1724,AULFFDBNCU,800008100
1653,ZRFWFHEITD,897949209
478,AGIENATJZW,825411681
1737,BDUUFLAOLT,816818201
1495,SEAEYRQQNB,887497316
1405,OIRIPGXYOR,831803281
761,VXQGLSCHJA,808284836
1291,CYXWUJMJQH,803034001
267,DKEXDTQUVP,812089529
1403,CRQRXRPFKC,816282409
1051,AFAWQGQBTD,863536996
547,CFUWOHZVPH,857611225
818,GBDWJMHJGU,857875625
262,JXPTXXEUMZ,853466969
596,VENKSPPWWP,810019121
1092,HDNTDKVPDE,825390169
442,TMPPHKUHSX,883296256
1286,JJHWECXFCO,860093504
648,KEBBVZHTQB,846410000
657,BCFPVNYRRP,832440516
341,ZFCBTSEPLK,858846224
520,TEKIWWURZB,880679121
1080,YDDYCTCOCK,803261636
1907,LAUKOATGON,816198400
512,AOHQJHRAGL,816080100
926,PQLKUKAHML,815267584
1648,UAZWRIOQVQ,856400100
326,GJHXAUNFQJ,886746401
603,UDNVQZBKAT,831171209
961,PLTJFRQCOC,804572996
178,INTDWCLDVD,803537489
1438,SGEEQDBCZP,833934329
1304,AWFLYQRTBB,814643264
1652,VDUHQTEZGB,825441936
392,WDEHFKRUQB,806615184
376,AVQYECZTOZ,884092224
1697,OKDMHPZIYN,898914969
1684,INQPBCPEBX,860746436
612,MQELRWBGBI,800000081
315,IHAZRSSFSZ,832806564
1282,WWSMZTOLXG,890046769
26,AAOVLZYLNT,869714929
1821,XIUQEUYRCU,854945089
265,CBBCJPDYJL,835236096
1320,YYGMJUXMVG,883428169
982,ZXSQBJWIPL,824800400
1616,TOXLATEOBS,818615249
485,WDYRUUMQAD,856987401
1464,UMMMZYRMYT,854719556
1629,NWUEEOSIUU,807395129
1844,BUIBJWQHOG,860987396
163,PWPXFBLKPN,815627009
1915,DUESRRFONT,897540921
1770,ECCPTOVPSF,892174225
1756,CJLNEHHQGY,883229129
715,KKJOPLMZDC,833864900
583,IBNORKHZML,818135161
409,QEOJUEQBNS,825280784
1243,RNCFKPYSQL,850481025
1940,KHOIQKWQDT,844023225
684,JQVNFJXXVK,820428676
110,GPKNFPFYCG,877612961
1063,VTHMPOAQYD,892386921
354,XGDPYLRAXG,836452129
1054,VPEIBGXFFN,859256976
302,EVDCPLBKLP,892262969
1850,EIAJQJJFXG,800149769
855,HLGDYWDOFN,834343225
11,DPOOEFXZBC,875328196
948,PFERAYXDZN,879798489
171,BABVQOPQFO,800000441
1956,PZKNYMVXYC,850913169
46,ATBDZQSOEM,813146276
540,OEOQXPPBPM,893608225
890,ACQHNWDAGN,840587025
1769,ZGLOHNEREH,819141776
1810,YUXIUWULRH,823609924
116,KGIPDFODKJ,826194704
1419,ROLOIVODQI,800348100
32,TLHCSMPXOH,882515364
1538,JVDPUIHIJD,869908289
1895,YWXZHJNMFM,810488836
557,DCPJIKVPAU,863583961
298,LOIDZFPIRW,841252036
909,QMVHTCEXAM,816334400
1872,DGNVCRMTWR,865960976
261,USQDKLASOL,849026576
1027,HPLXGXWULG,842579521
870,CLTJUDOBFU,838949764
1295,KPRLTGXGIB,801561169
789,ARMJDSPXYW,837613689
503,WUUNTFHPKD,863419456
1892,PXZAPYRMER,843286784
1258,UCLTZWSXZI,865846416
1623,HTVFEKXQHS,896707076
1147,APLCJJLTQT,890480729
1216,IZKXNRSDKQ,885978849
436,QKRZYJCHZT,884456100
1975,MZICNDFUDZ,808514724
1123,QHFGIMWJGR,854326225
1823,DZUBGVQIAE,868480400
727,HOIHMLGVXI,808388921
819,PEUDDFEIMO,826135361
1727,OCAVMFYHHV,887893025
489,GHAVVIYIRO,800120009
1423,VULTKJJZTH,861070336
1806,OGTEQPEMEI,877835844
1747,LPHJMPRVRQ,811338256
1953,DHLYYJFQUI,857602500
628,JAFZZKQTAX,813339889
1321,RPSMNRUICL,864661136
420,PDQSVMTERD,886776569
410,WZEEWZKAOJ,882700836
7,SYYCQPEVIK,825180036
805,COUIERTLPB,840112025
1247,SFJNYUCTKF,860824401
1519,OAAXWKLOUW,848986001
851,VUIZFSOAYX,853987969
1181,UTVBUUFJVG,822655625
661,TIBVNJEPFQ,804849401
951,FMCPMFDCDC,804796304
1633,EZXCDPTWOK,817957136
216,CVFXSXPJAO,870913241
717,QHDUIQEDLN,866806244
906,QQJVMOHFYE,800910116
865,IBHQUFQQXV,892776409
1040,BOURZHMFFF,856794384
288,OTLSLWUHTF,800443556
1934,QJIXIVXKFL,823126689
119,GFULLKJDUH,890402064
544,KNKXTLZQFL,869234081
1334,YXEZBQZQPG,869929689
418,UBPGUGWGNM,803936256
1014,YTXKCWEAGY,811978521
1204,GPLBQZJBBL,824610169
1236,MNUPBPKMSZ,802524921
1064,QRXNVKIYAD,826344225
139,MHCMHGDNMP,877403641
386,UYYHTGDGLF,896448256
1645,BRVVULNNLP,822666084
649,DBMVHBSNJB,806070201
232,CUYYFWPJSF,850363524
1723,FSTBWDFWTB,865230321
835,CZOHEFNASL,839228089
131,REQGJFWKJS,811155600
1931,NLXROQMTHQ,802250000
1359,WRXUNNUGTK,839287204
1690,BQDFQWEPNC,803591025
1582,PYPMCRJKGI,800859329
1720,WPWAAFXMMQ,819561881
680,FNHJZQVOXK,856360004
368,TEZNJSQTFB,805125696
1056,OMDIUXEMXB,879458089
177,HHJMBOCLJA,842915089
371,AAHMKWYWTT,863550489
28,WHDIZCOBZC,873869401
67,UCWLJFRIMP,884525056
1754,QXNFVSNJPX,884389241
1921,BRFZZRNPUX,868140969
403,RJGDRQRVQT,897612225
1502,TLZAPBVOSP,845181184
1627,JUUZSFCFMA,800722500
1000,MNMALPUSWI,841986289
1534,KMNTFZPNYE,825492401
150,ZSXTTOBBGQ,850304041
1793,NEJPNULELO,881147449
525,EZXKUGROOH,892618025
1685,GBLHDFSJWU,817884441
943,KDUOOERCTE,828633796
62,NSNHHLQQRZ,873557136
1600,IRESTLDULA,886555364
1161,SCFWYGAVZJ,802598544
1912,YBNAJFGRCV,805033761
679,NWLEXRQXIS,813539769
1666,NTXPRODMSE,869677529
1889,RHXGLUYRYE,852374169
1264,XZUENMSDPA,870615844
457,ETLGBFVIOC,810764961
223,TNOVIDZNPG,822625321
1498,ZODFAFPCSX,805979904
1553,LNQCVOVTGI,890550416
219,DMPHWZYIAY,861218576
669,GUFJIWLCFY,844450724
1350,OVJKFEOXKY,802464900
1281,LJZXHPPXLL,845768329
884,JFHQYUDWTI,855167844
1811,YDPTECBSFQ,876156009
422,CSFIJYLBII,800850084
1259,WDLHFECVIF,879263409
1460,GBPLSNPXJG,888090000
1178,EBHDJHTJQF,847202225
1349,SAMZLVZTAW,800156025
1446,OQREZGCTQI,883384196
1315,XEJXXFVJEG,804052169
81,SWTBRECUYK,878402500
1639,PLGXTUQWPM,874938176
1998,GRRRIUQJOL,840097600
1683,LZDVIACDSN,828484900
472,SAMQAZHLND,863140625
1072,GZSJEWSQRM,850822961
365,XUCOVTYKRX,811278400
797,XVDKOCSAEH,887703225
343,WMQOJAHYQM,851451289
1922,TAVYPPUKVG,852664049
211,XUWJXNPQJN,804012009
1565,BCVCOWWDZT,806745121
455,BICHZNPPRQ,851236964
254,ZYHEPWZOLH,825369444
498,XJHZJBEPLT,817060089
705,COTCHCOLIN,838044996
273,PQMVJIFVGY,880676324
320,NJUWRSYXWQ,834164544
1462,YLRSPVYOEN,805091041
377,ABNANHRRBD,882933689
158,OLLMSQSGHM,894872100
1343,ZKBNDGPZBB,800822649
1098,RCKLYHBPJJ,887590881
382,QNZOMCWVAP,864273209
495,XQWWZDGDJG,874174976
1288,QTXMUNCWIR,818265600
969,RASUCUVIVO,878063076
611,KTLMWXWTNU,884713616
1400,BRWDQERIMX,846772681
1523,XZVWRTZLNQ,885951441
1868,HSGLFIPIPY,805731236
1475,ILCJTMAFRR,812067600
115,ECDWRACGFM,874673369
623,PTQMVEGHMF,879548561
712,TDBNOXWTTG,883454724
1329,UFJLHOBDWX,831240000
325,NRXRFNWAKZ,816354681
1207,ZHZDFWDSVW,821771844
573,WNHXYFVYDF,876073284
339,SZXSBZIYRV,805216900
466,YWCOFQBKDM,833304441
1179,KHAWWTKGUW,891015625
879,JPDSYQNCSD,868675625
1881,EYAVYRSPLM,862974884
68,YHCHZRIWKB,832928644
1224,ZYNKMWBCRU,896311961
1345,DWMUWTIDGD,828954001
374,UEGYRHLTHX,817707264
1859,VQWVWNDWJO,837807241
408,KUZIFIFRTW,890490000
188,AXQXKJLZZQ,819612025
1575,GWXWTCHYOB,829441476
1589,VVWTABKTYB,855145289
1945,ZWAZWOKCDC,820266816
1941,JZLPVYZRFQ,817202276
1137,EGSKJRJYNG,801456849
1186,OKFPDEQKOH,804260096
291,YIPVFVPZHY,868952484
1714,KJTNNACIWP,802337841
1772,UWKRKTPIWP,833139344
1008,VBTYZGEWXC,845724644
1197,EXUPSXUHAC,814000409
1110,CYYUCCLQZC,850673889
1379,UTVCCEPMNO,844048004
755,TUVTXFKIDX,858396089
1831,XLWPOQTOBQ,888150625
1555,YOSTMWHSJR,800675684
1066,YUWKZEBCJA,871031184
1100,VOVXMRAWZS,887844900
925,YHITAUZFAB,800001369
169,ESKMKHSSMV,864695409
1131,NOVUCOIMMQ,800813604
1740,SQZIMLLWGT,870240321
1879,ICTWDUPIVS,801446449
426,EFPPYEBEOE,885446416
461,RRLLKTCHFN,885056576
278,EYQSVKPAMS,856925729
1609,NPKGGIWPZY,870132004
917,PNNPKUNKKC,831567161
1622,VGEEWQIEBO,838514436
1686,JTANGFUFUO,872352036
198,RKEUTGTNKN,863600625
807,LYQXIXIPVW,813611076
1965,GNOUJSCPVR,805620196
1338,ZGAIGRNBCQ,872877361
555,PKMZZGXLUA,864290049
866,LVMTZHFMBE,804637025
1004,HIUHVQTKJP,807651600
1145,BPBFGCQYXE,831072025
1593,HGVWLLYJPV,810076881
1085,FIMUNEZPQA,818693904
157,BSQFCIHUBS,843256961
1665,TIGGCHNJHA,852881984
137,GUPROQYLOB,808191044
159,PHELSOTFLB,800101124
493,GEOHSKKEFU,885176441
1127,GODXVAAHGU,816555264
1081,GZVARPFOBG,812040900
1450,SGXCZRDUUN,831714576
1167,EWJYNEZRXD,800048400
907,QXDVRJGFVG,847444544
1641,ELAZHPXAXU,874636225
1283,QTLMCJVRQL,841924484
1474,TGJTPPHCSW,899543876
1749,OMQARJSOEV,808035236
1007,NLERLKYAWO,874616025
440,LAVKSWFZSD,867519089
922,IKGQTUFVQQ,828551876
79,EFNJHAIMUC,818657449
585,VPSZZNOPFG,892240896
857,LHVVPAANGO,895748081
1406,TICWGSOTNI,800839056
88,TDPTPCCLIF,828769424
1878,ETANVIUYMP,887105625
201,JJMPSVKNHK,820394244
1221,VIWLPFIBYA,800950625
1776,QKUMPODGNZ,871409984
667,OHFEREBEAC,832640000
756,OAFYESYVIZ,819722481
453,TCJTUEGMPQ,837309956
574,PDWOMCIUDC,828549041
430,BLSGWNKVJL,863302841
868,FQYXJYEXDS,804002596
36,LJUGGGEKJD,887924900
843,BUJFINZYHC,822924944
1150,TKZMNKABBA,846965129
407,HHWEWNVCBV,898669025
1033,PWWEGHTFIQ,842706225
1235,IDZHVMUGGA,812722225
1300,LZIONEMYRD,801138489
413,KKFLUWZKCT,850072336
1031,KQWWOWRQEA,810349089
1517,VQAURPWEUS,897497600
1267,XUURSPATTA,802515625
1750,TQGLIRYAAW,811007296
582,VCOQRGRQWZ,867396609
197,HMLTEDZLOD,802882304
1354,TQDNLYWPYV,810996484
481,DBMIVAZXZM,815225604
566,YZMNIMDLXM,857929489
1142,NWTXSCJBPA,811751184
1009,HSWMWGHBBA,826167489
199,ARJKPXINOV,839337984
1496,CWXGLPXXRU,861744144
1424,ILBNTCVCZV,865242225
1901,PQKQEXOWYR,881065225
19,LYJYHFIXJS,819748804
927,VZAPROTLQD,850458176
848,LQKWHHYIPQ,804879681
1827,AQVNOTVMVA,806477025
450,MXTYVOXHFK,834397649
1148,OZAMUINYST,800090601
21,ZBMNMGQOOK,818980804
480,TONEQLNBTO,809753129
1386,YSMYZVLVNX,827688644
63,DLTFZOTCJT,808646225
80,FSKUIDUBUR,803233536
1105,CKWEXZPMIE,831798321
827,TZQWZGGTLB,809778129
1699,RAHJYJVRMZ,840755456
24,JWAYYZPVSC,802005056
1340,EOSBNBFVUT,854950400
1930,YPYDTXWEOX,810542336
226,RQTMKNEPBH,800001600
941,FXCHWDDXON,822877089
1977,IEGEWBACGB,804714289
887,YHCWWIARUH,811602944
337,YAYZKHUHJR,812535025
1928,WTZUYSRXAW,882933689
1787,GWJFZPAPVE,855284801
434,PIPYTDBAMR,801132096
967,NWUGTUESHX,829898756
87,AXAMCEROSW,870224400
1048,OGVFRNYMOP,895530481
1762,HXJXMIBLDF,810831225
1219,CDMGZJEIBT,861716736
880,SDCXXYRGHR,829307396
1743,HCWSRGCUIK,816370116
846,MFHPZXTGFP,800506384
1356,VQEHDRCVRK,813527684
771,SCGHBTUSWZ,805349696
1967,DFNZSLYVRA,807257636
1558,DOBNXPWDBP,850920569
935,RULVQTAMME,813255696
61,QNJWJMWAXX,825260864
464,CNLHQODEMA,845769744
1726,VSUYEGOMJW,855700484
812,TBFTQSNPAV,821026276
892,BRADQEELKP,884419344
1843,JLDEZAWSDZ,842863209
266,BITLLPLXEL,843484689
1693,KBKPWUXRPR,816560656
1782,JRIYVFDKXD,837176356
1842,JDPEKJVBOJ,852460321
143,MONXRQYJZG,866357316
785,KXZCZNFDIU,809844196
1239,PEWOXVKZDN,820868801
43,EUHMSRQCOZ,834908900
1089,TZYQKTDMKA,822158129
772,MSQOYKIIDF,801681764
987,ZBGIQDSCWT,856794384
1986,SRXTTATFWB,884914225
1369,CDIMXUFHCG,800000900
621,GNROTLOTCP,811266225
1413,CHJPXCQWNW,857407364
1621,YCNEOVTCHR,801926544
577,PYWSGQSXDJ,814360369
1364,OTEIGEOKDF,882264900
31,WGBUSBMBOR,818601969
1509,NMNHIGBXYG,899340121
310,XOTDIRXXGV,870152489
1188,AWPYZAUDWU,816920969
1482,KSEGKSEFXM,891948900
1958,TLYYEXLFDS,801821129
1993,TSHBQDVVWF,837112464
1638,HPWIWUINNF,813529025
1156,NUHYMEAHSC,885022884
44,JIPFIONEED,812159169
1963,NIXGWRAXQB,860402769
70,JUGIXWTBVT,812439729
511,WNPFLRLUKD,850968964
348,GCEZWAPQRV,835271721
637,ZFPKDUULIF,853391849
650,VJTQNBCHIW,800363609
148,NDDXFDMVZC,893045316
1431,QKXRPVRCFS,889530289
749,AHPSZOBRIX,832041284
1231,HTNIWLWSDF,830473024
1909,NUZSPQRPIY,832027136
473,VILTKOIAFM,858200900
686,OHYGJSJTAK,849039961
1387,IYCZTMIVAA,881694224
1971,OMXUSZATFX,864557584
1073,ZSSBXJVOTJ,880194121
802,AVEOPSZRNK,852171729
956,DBSGTFFKBY,856000000
467,OIZGQIPZAY,864299076
1346,HKVEXBSZTR,861371556
841,ZPYFMDLQLW,800642064
1254,YILCLPGQLA,808353600
810,FKTQJDCUGB,800036100
35,ETCUKEPZSH,804080804
1079,MBVGAOWLVD,838625769
1465,YXFODMSSQG,832779529
1775,KQQKGPKMSS,830327049
334,YEOZLUHMGA,878758809
1275,XTJGXWTCKL,867909764
1893,ROSMTJHBNM,830921121
1520,MSZMGERSZC,845848409
783,HTYAVOXHTA,828845201
594,GXZGYZAOVE,809333025
875,ASDXDAZCRT,885893849
353,ZBHZFNWYWM,873454081
1196,CFRMNZRSLR,829525625
1201,YYCKITFDRC,836517849
427,ZNBHYCWMFY,842703616
4,UXWFNFOZVS,820090889
1233,JVTZNHVPFH,823001600
932,NNCTEHRULP,822579600
1070,IAQMSRTFGW,832638369
782,BKMZDNDOSI,851056400
417,EIWWSTNEUI,805673924
1659,NXFTXZLMMV,829474041
412,JZUMIGOFHW,861042569
1370,QFVDMJYJNO,836977216
78,VEOOWQCUDH,801279161
451,OPVYBJZOXH,862496121
1412,XRYKRZQXFC,887656329
1111,TAWHXKHALP,820824064
517,KTBWZFAHOE,806190609
1902,HLSUQSPZGG,866776025
702,KCLGARYGYD,879860100
957,EUHNFZNGKP,849815364
1854,ZOKONEBCWL,879247225
1138,SSHITXZGFW,801623076
1330,DYSONQDGBN,834181809
1942,LPKSQRRFPV,863799296
500,VBOZVMXOBA,860467321
832,QNKCXEKJQZ,803200521
581,XUUFFBRWHP,816151824
1171,FGENZGLNXH,899532176
1501,ROSZVJZTRQ,811999296
1605,OYFORVESPP,882340809
1590,RKXMCWAFUL,813429729
767,PDTLKHPEKH,812900721
271,DSIYFSEXWB,820641316
136,QDREDAKUBN,827195121
1591,LUOYCNHOFI,884088900
1670,PPHZLZEXPZ,819051044
256,MIIZWUDWDF,833922281
1382,FYMYBQNXZG,878289936
1794,VJAQMIOEHD,809721924
1968,YZKIYIAWCM,893653225
994,YQMHDABALH,803775249
494,XXIBHPULNL,886802500
1634,IOXHOPMTRB,817323716
423,OFGXEIRPBT,851831684
54,QYUHRQZHNB,835373225
872,KHOZHKDUCO,816683204
1961,UEXHGRYFDP,813571649
730,FPHIFUBTTN,822353984
38,EPJSRDZJAZ,898320784
1689,QGDEDNHIAV,876143076
475,ZZHERUSWAV,824666089
1176,YBNIEHUESB,845890721
1512,VEJIEWSBEK,839729025
852,ILJZEGBLCA,833508961
1170,VSNLCWNNDA,804129024
1324,SURUCSDSKG,890578201
1610,KLMAEKFXPQ,850398976
905,CJIVHSYTNW,878155684
1568,HGEJMMUNOL,841323761
1049,WPNFUZEIHX,866283716
194,XOZBAFPFMO,804256100
297,JSEBALWNKS,867786329
701,ZGDTNHMIVN,866015625
1021,XPJFGVPIFY,845726864
847,USCRLDUREN,843976001
790,ERFTZLKORI,846530884
1603,JLJKWOMIPK,883664036
170,ONWAFXWHGB,894740224
84,ZZZBFKQDPQ,831236921
381,LXZIPODIIS,843779841
1165,ZPSFCCTAYV,800463761
1835,MENPQKXDLK,814570321
1620,VRKALJFKWO,812660164
1102,VWNRMFZGPZ,836539025
260,EXHUQMJICB,817811264
279,BMVXRLLIVF,815488644
122,CTYDTEAMDC,877845329
1572,PDUDLFMUMS,870140625
944,QDVDLRWAMN,835037584
127,VRUIHOSWKI,854579489
1199,WVNKRVKCOF,833651601
1083,XTUCRORYSM,801774224
779,ARGUQWSOKL,825472209
1817,MEAXRQECCK,839259024
23,QRCDDIUTEI,889129984
799,JTTKNRSPRT,801454436
1077,HXJEIGUTWI,875516100
808,QLNKAEQMAR,840182921
1564,BRKRZEEUTL,886776569
378,NDODXEUIOZ,855950144
490,NOLSOWRMVV,857666025
1296,AFVDIRJMSS,825494225
507,CKAADALLJR,824868100
469,KGZSKWPTKQ,877291776
1174,ANNEBAVSPE,840487769
1084,TXCFZLBJBI,812296409
762,QUEHPNHKYC,872497001
303,MPFDCYQTRC,839735849
665,BFRYEDQJRL,869538921
580,JEAWPVAPIH,802925476
146,SEWJTBOXVY,837810201
1533,MCAQPOILYO,812838921
180,JUOTHWMLVR,861310864
1225,PDZQSGQLAO,858659216
1427,XWNUEQOVZY,859845449
622,NYFHEJEGCM,877612961
1929,PWMDZWPALZ,815147664
1742,JQMVLWOBUV,814318864
1883,JIZZIISDAI,838334116
1882,SQGBLOPLTF,803628676
95,FXDYYGMDCA,851044100
18,SFZKVATXDK,843784689
1388,EVFUABUXWY,859502096
1394,LEOUXCATYE,897523844
565,DZSFQHKPLF,812830625
1485,ONUSHMVDMP,821762225
1943,ANDFSHTSAZ,849042009
992,FIEJRQNRNA,885297641
101,KHKTKYDZIV,801230400
504,YHOKQUWQVW,817464041
1093,ORQCJKQZZP,817158976
1704,CQXEYXKOYX,800033124
1255,DKNFAOYZQR,825761956
154,BZMQRLXVOB,805026225
561,ZIFAWFTZQG,833957476
135,GFIVDRCYGU,882153089
1266,NSHTJSBIAV,846928900
42,TEKMQDCYZJ,849434256
212,KCPDMOKALX,846583184
437,IEPAGWHROQ,836552900
1208,XGHQILWNCN,835922500
644,RZUIGUSNWL,832460096
1487,HJPFSWWBOL,818832849
459,HVYXZUKJWO,855799056
1606,LUEJHKGOTY,878588225
973,IIARGFMUAB,835381056
1559,HLNNPEGBEO,850145856
1614,YDLUZYFHUK,831531264
1436,QTMFXOBKHX,851477504
1656,NGFJSACIJI,829140496
538,MBHMKQLWHQ,846936201
1261,JXFMZMHBZF,802970329
1175,VUCZJMUTKX,862496121
524,IZXHREVNXQ,872182016
1959,FUERUSDBNE,857376961
296,PLQYJPQOUB,874425129
1019,LRQHVAPGYS,879019364
829,AKWVVDYCXC,832410249
1624,CUEOHWPUDV,852075776
264,FUNQPKFNNB,846928900
471,DQIZLZKLNI,804083844
1786,XCRUVSZYYC,897020356
1238,ERTESEFXNI,806838225
1223,ORZGVKTIAZ,836603361
300,TAKUDKPEDU,820761409
1644,UBZQCQVHSI,802073600
1729,HTZXQMQOHY,896700625
1322,IPOMCSIJVJ,803200521
709,BLVWAAJIQU,847554816
314,UGXTUHLCVS,841770369
1194,EEMWWAZSTQ,801166400
1479,PMTBOYUPRA,817153081
1797,CDTGZMHMSP,853363456
263,WYUCPABQSE,891462569
677,QKAUQLNFHG,817791524
1012,IWFHTLDYTY,823681936
200,ZDTHUNWOOX,805094049
803,NEHRJSTZFL,880179569
1608,XMGEZQDNGR,885836169
631,VPEZPBWSHV,857515529
643,RTJHUDPETS,882992324
64,ZXUGLSDSMZ,816679056
1112,KJRMGSXOCK,868067409
537,GIBYZZKIAJ,854380625
825,DNRSMBXRVB,837290849
1611,XMYNTPIOTQ,809265936
916,MCVOVRSQRC,814654596
1545,MDFMPVTPBD,842014244
393,VECMPESROM,875627281
1695,CMGRKHRPFD,808520561
109,VBJTSQDJOO,885373449
1717,FOYEUDXZDP,818646544
578,LWZFMJOOPY,841550916
1524,ZAGHSBJWZC,828531401
1970,ITZUYHGFTR,859310596
214,ZKUTAPPWGZ,840874009
929,FAVZZRFRZZ,872357776
1513,UZEWNOSZAJ,815610401
1129,WTQMBDSMBF,858486921
528,PRPSEACCXK,868025856
1348,KUQATMJCRV,807111329
1636,JEDBJPAHGZ,836118889
1493,KUFCEJDBNI,822301481
1650,MHGNKQGLAV,804642116
1146,HGAHXWJMSK,857854096
345,DMLXUKWYZC,815737089
558,VKXGLLISAA,848352400
1480,CJPDCDPLFT,862521600
1871,FXSLPFTYQV,895355225
155,WHXGINFGFR,847946384
881,PQINXMRIDX,859390625
1071,PEPUNUGEAJ,836199729
1097,QYPCHHGFMI,892816649
1514,XXNEVPUIKX,816607441
1601,YQQUQGQCCS,800508369
1117,RHDSGEUEIV,808088336
220,BJRQGEPPXY,805764801
235,ZWOTKGNGUP,841818729
1030,XXDVIPOUXT,813837649
1919,MYKHYYHHBY,810743289
129,SGEWZMTGON,840237049
813,TODPJDPVYQ,818877969
1587,YYIUCJVGVV,877581376
833,UESWQKNZPY,800002209
1344,OMKCJDZLQU,825583364
1751,UVOGCDOGJF,804092529
787,LSMDUSKVUT,827402304
1016,BVEZZVVJPG,861847396
1870,HSJCOHXNVS,893349025
993,CRFHPBJMRF,847957025
722,DEEBJGSDYF,885286544
1058,SPBMEWWHGP,897900304
1039,LNONCHIGMT,840309801
1416,ACGTXYQQIQ,803108100
930,MIYZVOBXUO,830481441
1441,KZAWJZFJHH,844023225
285,FJEQIOZPYF,803005504
1962,CWAVLXTODO,834480384
1198,TTDYFAQWCG,864019249
142,LDACLLTEOJ,820692196
1949,CCLTSSIKMU,817291025
1119,QXOZFCUHCN,839911696
1935,KNHPWQVAUK,801490841
673,XFVCFBBJJY,813476241
55,FUVQNQQLRZ,860488681
691,HMOEVLWLRX,844648729
1891,KRBKPRJYOS,881001216
1691,CYZHPONWER,865566929
443,RPUFWHJRUT,864580836
1837,AMFEWFYHNZ,800553536
1125,XZEHZEGKWU,802745649
1671,KCRFJZAYVI,800408321
900,JMFUBZZPNH,868675625
716,KPJVOZIMHX,858084225
233,BGLGZMBINT,819814916
1478,MBNWGSCJXX,816491721
937,AEFZSIOTPX,833014481
898,DWUBTJVTOQ,862001984
1792,YEGBOMBBMM,871825625
970,LZIVLIICZP,836749636
12,EJUVPVABOY,801322500
674,SVKVSAPDSH,874648676
1006,QLFWZJFQVB,867081476
1926,PRCJVSPTBK,806616801
174,RJXXWTLGGK,849915536
1245,KUMOYYOKHA,896594176
858,NLXHLSXSHH,898809225
352,ZFBLDJIEMS,834671761
1612,VGYSUYOUSE,896184100
74,MBSZTSSHFR,813354756
639,EHRQBBXAJE,872784401
1759,GYBZMCFBSR,810579216
704,YQAZFNOVKT,876672196
894,JMMBPDUPZV,837007121
483,AGTUTAFRSV,829457169
358,HGAGIUPJQB,801152881
522,UNNLXUBYKV,833558849
1401,BWPANFHDWH,804721929
1299,XAYWMVYKPW,883754025
1494,JYCJNPPSAV,866016329
252,AVWAUXPANN,863454784
1887,LTFKLZJOTY,814303296
535,UCEGLMMBGY,848840000
144,NRNNZWACXX,875063076
662,SMVSTMMWWW,889036176
853,MVEFQRZXWK,870673121
533,QMYHJMJTIM,898117649
344,EVSDCOMRYH,814291684
1966,LWAGEXBHBZ,818017600
1885,EFMRBBLQWC,867705600
849,EVBYKTBVTP,847372816
1898,GKJJDXVTOU,828663649
864,XJECCGQHBC,845333289
1428,QFJXQMZVKW,865999376
1022,DTTGGSDYJB,886320241
173,XDZUJTLNTX,813337104
1242,SOQFWLUEHQ,851698225
1455,PAVKHVWNVE,867773584
934,LBOFBJEJAZ,872316004
1367,THZBOOXOBH,809724801
1874,AAVYFMIBCO,873301041
1753,GVXSXEUOIJ,816016656
1241,MCLZYSTOXJ,868018769
1316,KCTGAVRYGK,883694529
1005,ZYYHHTXMJF,801790244
895,VJXYDKDNCU,884448064
370,IGVIJSUXII,837961636
1434,EEHUQTJQWZ,802088025
242,YZOBGHTUOX,833841025
1399,DQZSBXRCBW,804028049
1410,UZCQXMKHGF,844647041
1422,IVPBYWESON,820524225
1361,MQJLGCCFNF,825542916
1897,ZEDKDZMSDO,812562500
351,GZRIOQRQET,856650256
1818,TSKUAKGFGX,875151561
1829,FNPUEZOGAJ,820997956
1250,JJJJRJUUUR,856912801
1734,BKMHXUQVUB,870451049
625,CTEPVMLJOH,899660289
397,WTCZNLTERX,800081025
823,AEYKEXQGQO,851979584
699,HQZFDIMSRU,877071376
1798,LMBQTOZUSG,858802321
140,NQKAMHURKT,863065441
1997,IGLAXQXINV,896059601
338,SVOQHTYDWP,830330625
861,GCXFGRJMAR,849866564
831,OQMQHCALYZ,822400625
1816,OFMNIMZCAO,883905600
1287,SKFKADCHWQ,847694336
697,GWTHHILGDH,806094961
1389,XIWTAWLCKM,863999161
76,ZYUPZWWEIQ,813335236
1518,HRPMSZBXBR,812802084
1607,UDUNGHUUEL,818829721
984,GNWYUNRNUM,892140801
1706,ISEDOLMIEB,809134096
886,ZGCAIWSWFY,837540129
1336,TZRAINJRUU,851151104
1655,OGEZEVKMCW,841398369
1298,AQLXFIMFDZ,804496521
546,KBIYSPLKHJ,846278084
1979,AZJTTYKWIP,803422500
293,OGKEMHIBYX,871843729
248,KKXLCBHQKV,802860164
1001,UBAQVOTCAY,802806081
614,VBEFLWLPBH,826837136
1155,CHGKGXAPVW,891565761
838,WHNEZOJKXH,873856836
134,RFVVRIVUYE,843322724
576,PMYMXIISNE,862306369
965,FBDVFUYURL,862805625
1679,RLQVTLCMWM,813957696
549,KVBEMWYTFJ,835024400
1240,LUZLWFHLMW,882802944
821,CCRIFWQBHX,825297984
759,RVWPMIBHHY,849229369
541,LXNKEOFMNI,873557136
193,YXLIJJHEVR,807300804
645,RVFNKKMSDB,887011584
563,YFPCVKCAOD,800219024
741,QYXAAGIBPV,841486481
1510,MFVGLXOLYM,892713489
185,HKEBMTDHVY,839354176
91,EDYYHNGYCD,811128889
1988,TOHVFQVGCE,802337841
980,DGCOFGLCQG,827080081
1335,HOBDUWBZBD,812139225
1849,SYZYHTQGVD,881186576
245,WDMFNQWCUQ,817050761
1838,MMQUBUCCXN,801468944
1437,KZHTIQTXGI,800902500
1101,PFNCNFYTMC,837075921
1725,AJCVPXVPOC,894499921
14,JVRVIPYAMY,869780900
1191,SXHARYEVOZ,897067025
1303,OLMCGVRUNC,864505284
828,ROPKWKBBWV,886687721
1760,KYOBYEVSSD,813786369
1042,TFVSKREBTL,850047769
842,IODCWFYGKI,889666201
379,OIUOZXQTIH,815667600
1711,GDHQYWYJON,877285161
118,MVFVUZWYVI,860575089
710,TAOQMEMJLH,823697424
1515,VFTCYPGZYI,817564481
1278,JQUPNRRKAK,863114001
1189,QLDJWJRIQA,850979600
1774,DUNVDXVYTF,837344836
694,MAFSYVYRQP,823064676
1362,GPHXBABRGL,829396196
1205,FHNHECBJSN,849203969
1116,HKQNKTTIQF,813039424
1649,LYTEWACBAD,827972100
276,JITSSPAQNJ,807263025
147,FHKSTCENAU,811876100
1662,VHZVIZOPVR,800602176
1173,ATPXWLDSXU,853071225
523,RGKTRERPTI,867498896
1375,LCEKTMECJJ,872349009
777,FCEWCTBFJT,803367225
1377,OPQHEOUDDJ,873685056
607,RUCTTMRVZN,800582169
977,DVMZGRXOKC,896728041
1206,ZZIOXAUWZK,814814689
1642,TNLXBYLUNB,865108496
1861,CVDGSNNEAN,846226401
773,FXYAAAYMOI,880552969
1560,IVALOFWWTG,857703364
328,YMDOVWGEFH,894225849
1992,OSJTEQXWEV,851225081
1078,DBBDXRBWMB,852050169
1681,HNQODMLBNZ,801868689
949,GKSDFPDJOB,817968804
999,KSBXEESTGP,800040004
1824,SYSJKZLMBR,844796249
1408,OSQZMYNMHE,802155024
1183,DBDZVNJDAK,853690000
896,GHONUCWEGV,831595641
1531,WMEIHVPHBA,802133924
616,LINDJDFPEK,851167025
253,MXJDVZUHNA,809404900
217,TFHVXXYTGO,800280900
1551,CDZFKPFKHW,842916324
1773,SHRXSFWRBU,865034225
1542,BRRMYZUFWB,827971844
362,LRNUWKMSYQ,833784100
1458,HQVAXXEQWU,849609616
996,PRCHDDWEQD,824700100
938,WOCJEUMCJD,814930496
1088,UBQQDOFEHH,852725961
1914,DGRXTMPBJB,873051209
1269,WGPBEPEUHG,888542561
447,SSWTORCKQA,862102841
692,WPZHSVBFZV,831753225
1253,SEJWSWZSLX,873367049
1182,PDFSCRZSWP,821086464
1164,LQRMHJCSZF,812257001
1745,VYTNEVABZL,845298916
1708,VYZHMBPHPC,885451536
685,ZFKZZJQNAQ,853669329
1229,QCAELFYYVP,888374084
836,WXLLXLEWTZ,807302404
888,IBUJOPGRQN,894907225
1262,QICSBRLPRB,801920996
839,RYESUGDHTJ,891073344
1439,DBATTYUVID,800032041
1393,UCZJUGOFGW,831974656
1166,ICQBEBAZKL,809120400
82,BFCVKDZEZT,822402704
195,GRGONUATDQ,807091569
160,SFNPCUZSRU,898597761
950,CQFQMFSTQH,886434209
1180,ZEFPXPBDRX,862141689
230,YQLEPRXIBE,833884041
615,FFHBAVHFUA,852767121
1702,XCKNIXFEIP,843626025
1037,YKMVAYQBNK,840601796
1211,CBDOQJHVEI,848460164
687,RSOSYQHQUH,823801600
51,OWZDQYOXYT,860659569
346,RSKWGXULSU,807122500
183,AZNMOIJOIV,893950625
1442,SCDROMEHNC,832411049
1721,HFMIMAKBSS,827330704
1766,RFKFOYFDCI,806791556
1381,AJWGVOHTWR,869442769
619,CYJEFLLOQZ,886726489
1011,VOWDLRYINX,882900625
1936,HJOLOVDOSQ,813644100
94,ZQVLQFXWWK,831382404
1672,IBPAZIVNRQ,832569444
1368,RBNBEWHGEH,827703761
1407,GIVZALJKQL,888040689
764,FJJFYTKXLB,845704561
1257,BKRDXWPWEF,875904004
1530,KMQLFYBGHL,844259225
